Depth,PenRate,PercPress,FeedPress,FlushAirPress,RotPress,DampPress
0.021,3.914,116.327,20.035,3.84,57.625,42.029
0.057,9.022,130.292,31.138,4.192,59.953,43.327
0.08,1.732,141.113,36.491,4.651,62.037,44.126
0.104,1.515,141.015,31.604,5.034,57.115,44.38
0.125,1.974,138.492,31.027,5.263,55.199,45.017
0.149,1.838,138.472,31.442,5.462,51.547,45.588
0.172,2.165,138.514,39.872,5.6,51.443,46.159
0.195,1.406,139.047,43.312,5.753,52.371,45.9
0.224,1.296,121.899,34.946,4.85,41.705,41.848
0.248,2.552,139.045,49.866,5.217,47.21,46.173
0.271,1.703,141.343,52.925,5.569,51.484,49.35
0.293,1.666,141.105,52.245,5.814,50.298,50.326
0.313,1.585,138.206,51.85,5.998,53.759,51.336
0.337,1.617,138.748,51.177,6.166,54.033,50.947
0.36,1.71,138.018,51.19,6.258,51.438,50.369
0.381,1.326,137.619,51.13,6.35,49.243,50
0.401,1.515,138.047,50.562,6.441,47.537,49.06
0.424,1.332,135.313,50.61,6.518,50.13,51.497
0.446,1.363,135.315,50.635,6.564,49.572,49.515
0.468,1.283,135.137,49.862,6.61,50.521,47.482
0.49,1.356,134.604,50.257,6.655,56.676,49.963
0.511,1.22,134.174,50.261,6.686,56.176,49.046
0.531,1.3,135.145,49.596,6.701,51.514,47.754
0.555,1.34,134.563,50.149,6.717,51.739,49.993
0.577,1.379,134.559,49.837,6.747,50.405,48.66
0.598,1.569,135.844,50.075,6.747,49.455,48.407
0.62,1.317,134.43,50.297,6.763,50.278,49.655
0.641,1.268,134.462,50.104,6.793,48.423,48.391
0.663,1.273,135.728,50.061,6.808,48.374,46.586
0.686,1.34,135.123,49.643,6.808,50.316,47.804
0.706,1.31,135.369,49.601,6.808,48.753,46.606
0.73,1.371,135.836,49.608,6.808,49.702,46.958
0.751,1.326,135.525,50.41,6.808,50.615,48.649
0.773,1.095,134.677,50.487,6.808,48.44,46.713
0.794,1.199,135.324,49.994,6.824,48.871,46.867
0.816,1.39,135.4,49.729,6.808,50.864,47.379
0.838,1.254,135.054,50.224,6.824,49.819,45.09
0.859,1.355,134.618,49.934,6.824,50.193,45.526
0.881,1.279,135.246,50.04,6.808,50.331,46.551
0.903,1.238,135.295,50.235,6.824,49.114,45.544
0.924,1.371,134.556,50.294,6.824,50.016,47.911
0.945,1.195,135.249,50.843,6.824,50.748,49.261
0.97,1.225,134.481,50.048,6.839,52.217,47.464
0.993,1.77,142.075,57.017,6.839,54.222,51.595
1.02,1.988,160.795,77.325,6.808,57.962,66.994
1.041,2.271,175.337,86.792,6.808,58.86,73.428
1.065,2.261,185.481,88.314,6.808,56.642,72.973
1.086,2.27,187.554,89.236,6.808,58.836,72.099
1.11,2.285,190.733,86.425,6.824,62.2,69.296
1.132,2.353,192.414,84.571,6.808,61.637,68.37
1.156,2.322,192.359,83.41,6.808,60.678,66.622
1.179,2.465,190.275,84.606,6.824,58.658,66.983
1.205,2.445,189.401,87.373,6.808,57.136,70.082
1.226,2.182,189.444,88.854,6.824,55.355,71.432
1.247,2.053,189.44,89.776,6.824,54.607,72.058
1.275,2.045,188.699,89.121,6.824,53.933,70.802
1.302,2.042,189.394,89.135,6.824,53.901,69.878
1.322,2.145,189.047,89.047,6.824,54.11,71.858
1.344,2.053,189.289,88.985,6.824,52.753,69.2
1.372,2.131,189.652,88.918,6.824,52.725,69.27
1.394,2.1,189.54,89.343,6.808,53.683,70.667
1.415,2.128,189.317,88.854,6.824,53.512,68.419
1.436,2.122,189.069,89.227,6.808,53.615,67.955
1.457,2.233,192.149,88.758,6.824,52.654,68.949
1.48,2.136,192.697,88.983,6.808,52.718,69.075
1.506,1.968,190.031,89.081,6.808,52.893,70.441
1.529,1.748,189.698,89.528,6.808,53.817,68.538
1.553,1.815,189.461,89.502,6.808,55.07,69.504
1.578,1.825,189.846,89.421,6.824,55.138,72.065
1.599,1.62,189.774,89.345,6.824,52.845,68.835
1.622,1.713,189.719,89.205,6.808,53.784,68.527
1.647,1.796,189.516,89.067,6.793,52.21,71.463
1.672,1.949,190.141,89.083,6.808,52.587,70.082
1.693,1.994,190.373,88.916,6.808,53.108,71.033
1.721,2.126,189.326,88.649,6.808,55.047,71.697
1.749,2.149,189.348,88.649,6.808,54.45,71.462
1.77,2.177,189.69,88.781,6.808,53.678,73.324
1.792,2.053,189.667,89.014,6.808,52.138,69.983
1.812,2.15,189.802,89.255,6.824,52.631,70.76
1.834,2.129,189.635,89.144,6.808,52.147,73.15
1.861,2.003,191.834,89.181,6.824,51.545,69.72
1.889,2.099,193.045,89.069,6.808,51.912,70.409
1.91,2.228,190.463,88.894,6.824,52.413,70.235
1.935,2.337,188.919,88.95,6.824,51.929,69.539
1.959,2.616,189.449,88.792,6.824,52.832,72.41
1.982,2.156,189.846,89.098,6.824,53.006,69.203
2.002,2.191,189.459,89.417,6.839,52.319,69.546
2.026,2.245,189.503,88.964,6.839,52.425,72.131
2.048,2.145,189.255,88.968,6.824,52.103,71.15
2.068,2.146,189.225,89.001,6.839,51.868,71.243
2.09,2.041,189.535,89.448,6.839,50.861,74.05
2.118,2.051,191.353,89.242,6.839,51.57,73.551
2.144,1.997,192.201,88.969,6.839,51.116,73.134
2.169,1.885,189.479,89.148,6.839,50.419,71.31
2.194,1.892,188.523,88.929,6.854,50.6,72.138
2.22,1.892,189.154,89.081,6.854,50.627,72.374
2.246,2.007,189.767,89.206,6.854,50.911,74.125
2.273,2.003,189.448,88.873,6.854,51.997,74.38
2.3,2.1,189.406,88.842,6.87,51.81,73.442
2.321,2.173,189.454,89.045,6.885,51.953,73.596
2.342,2.039,189.644,89.15,6.87,51.312,75.633
2.371,2.138,191.482,88.952,6.87,51.252,72.621
2.399,2.135,192.283,89.007,6.885,51.867,74.849
2.426,1.991,189.932,88.979,6.9,50.97,73.269
2.453,2.019,189.539,89.228,6.9,52.246,74.624
2.475,2.113,189.114,88.822,6.9,53.053,75.334
2.5,2.073,189.068,89.247,6.9,52.255,75.595
2.52,1.921,188.579,88.829,6.916,50.805,74.808
2.541,1.94,189.298,89.45,6.931,51.265,74.976
2.566,1.906,191.219,88.799,6.9,50.264,71.875
2.593,2.042,191.399,88.665,6.916,50.853,74.206
2.619,1.998,191.88,88.699,6.931,51.086,72.253
2.647,2.099,189.288,89.077,6.946,52.23,74.945
2.675,2.042,188.545,89.114,6.931,51.732,72.982
2.703,2.141,188.02,89.207,6.946,53.064,72.315
2.724,2.2,188.388,89.217,6.931,53.397,74.76
2.747,2.225,190.976,88.532,6.946,52.835,71.187
2.769,2.333,191.532,88.755,6.946,52.223,71.823
2.795,2.432,191.481,89.022,6.946,53.044,73.207
2.818,2.488,190.947,88.964,6.946,54.32,73.201
2.845,2.492,188.884,88.618,6.962,55.981,74.062
2.865,2.216,190.857,88.885,6.962,55.005,71.003
2.89,2.37,190.909,88.543,6.962,53.734,71.049
2.916,2.467,191.407,88.648,6.946,53.55,72.848
2.94,2.506,191.205,88.232,6.962,53.577,71.447
2.964,2.324,190.282,88.584,6.992,54.82,73.276
2.985,2.169,188.618,89.154,6.977,55.206,73.303
3.009,2.336,189.108,88.992,6.962,54.627,72.696
3.03,2.251,188.74,88.987,6.977,54.611,73.649
3.053,2.125,188.554,89.236,6.992,53.191,73.284
3.075,2.342,190.018,88.86,6.977,52.771,71.973
3.099,2.285,189.837,88.864,6.992,53.839,73.836
3.128,2.186,190.911,88.79,7.007,53.802,70.977
3.149,2.182,191.485,88.887,6.992,52.431,69.653
3.173,2.229,190.785,89.104,6.992,52.395,70.681
3.193,2.206,191.136,89.218,7.023,52.011,69.275
3.215,2.119,189.183,89.364,7.038,52.471,70.171
3.242,2.016,188.242,89.42,7.038,52.462,70.424
3.264,2.102,188.589,89.343,7.038,52.432,70.385
3.292,2.074,190.258,89.168,7.007,51.524,70.203
3.365,4.61,123.31,30.243,3.641,39.853,40.435
3.388,2.401,138.922,55.414,4.468,51.534,55.972
3.408,1.185,143.16,58.177,5.263,53.166,55.977
3.429,1.29,139.573,55.865,5.753,52.925,54.105
3.45,1.242,140.716,54.433,6.151,52.891,51.828
3.475,1.462,148.418,60.429,6.472,53.912,53.524
3.502,2.01,165.798,79.976,6.655,57.87,66.723
3.523,2.214,174.352,89.099,6.747,59.551,78.985
3.546,2.201,189.368,89.71,6.87,57.101,74.768
3.567,2.237,193.3,90.66,6.962,56.506,73.741
3.592,2.309,193.702,90.625,7.053,57.124,76.207
3.613,2.251,194.887,89.48,7.099,55.895,73.446
3.637,2.257,194.448,89.118,7.176,56.751,71.341
3.658,2.296,194.238,89.567,7.222,56.712,73.941
3.683,2.341,193.997,89.455,7.298,56.161,73.858
3.712,2.164,194.414,89.733,7.359,56.131,72.822
3.741,2.197,192.625,89.448,7.405,56.325,72.147
3.77,2.193,191.087,89.134,7.466,56.735,73.655
3.798,2.148,190.877,88.88,7.482,56.703,70.649
3.823,2.297,191.328,88.937,7.512,58.576,71.113
3.846,2.502,191.676,88.411,7.497,57.74,73.02
3.87,2.552,191.314,88.634,7.512,56.414,72.445
3.895,2.421,191.842,88.532,7.528,56.204,71
3.919,2.488,191.768,88.713,7.543,57.361,72.068
3.945,2.436,191.681,88.835,7.543,57.582,73.225
3.968,2.461,191.482,88.746,7.558,58.881,75.077
3.992,2.261,191.725,87.882,7.543,59.412,72.246
4.013,2.227,192.203,85.626,7.543,59.857,69.492
4.038,2.344,190.162,85.151,7.528,60.48,70.399
4.061,2.265,190.274,83.806,7.528,61.036,68.136
4.082,2.228,190.631,82.815,7.528,61.668,67.65
4.106,2.31,191.122,82.733,7.512,59.557,66.779
4.128,2.39,190.717,86.097,7.543,59.609,68.266
4.151,2.125,190.934,85.927,7.543,61.227,70.666
4.172,2.218,191.146,83.987,7.558,59.491,67.082
4.2,2.68,191.622,85.83,7.512,57.851,67.783
4.225,3.726,189.394,85.748,7.512,57.963,70.333
4.251,2.385,190.849,87.411,7.528,58.02,69.716
4.273,2.374,191.328,87.593,7.543,57.524,69.841
4.298,2.329,190.567,88.966,7.528,56.211,69.981
4.32,2.429,191.138,89.308,7.528,55.396,68.735
4.345,2.337,191.095,89.014,7.512,55.735,69.13
4.366,2.219,191.253,89.102,7.512,54.696,68.316
4.388,2.076,191.454,89.281,7.528,54.9,69.407
4.41,2.075,190.426,89.149,7.543,54.143,71.092
4.435,1.909,191.317,89.027,7.558,56.195,69.194
4.459,1.871,191.854,89.334,7.558,56.079,69.229
4.483,1.738,191.386,89.486,7.558,54.599,68.782
4.509,1.946,191.156,89.251,7.574,55.128,67.222
4.534,1.869,191.232,88.891,7.543,53.611,68.102
4.56,1.972,191.387,88.919,7.558,53.809,66.816
4.587,2.01,190.821,88.904,7.558,54.011,69.693
4.613,1.959,189.881,89.102,7.528,53.837,70.073
4.641,2.128,191.454,88.805,7.558,55.03,69.349
4.669,2.079,190.813,88.792,7.589,54.523,72.12
4.695,1.997,190.591,88.968,7.604,54.954,70.105
4.716,1.994,190.553,88.859,7.574,54.296,69.685
4.743,2.082,190.392,88.642,7.589,54.603,69.485
4.764,2.237,191.04,88.892,7.589,55.084,70.373
4.787,2.125,190.959,88.715,7.589,55.013,70.33
4.816,2.211,190.682,88.965,7.604,56.246,71.264
4.845,2.154,189.863,89.139,7.619,56.043,70.432
4.874,2.166,190.541,89.15,7.589,56.157,69.675
4.895,2.228,190.526,89.222,7.604,55.481,69.778
4.919,2.281,190.535,88.769,7.619,55.721,72.116
4.947,2.083,190.786,88.982,7.635,56.071,70.206
4.975,2.124,190.767,89.36,7.635,55.451,70.798
5.002,2.051,190.553,89.013,7.619,54.307,68.469
5.03,2.149,190.418,88.677,7.635,54.619,68.56
5.051,2.199,190.018,89.287,7.619,54.716,72
5.072,2.021,190.097,88.996,7.619,54.966,69.293
5.093,2.214,189.601,88.934,7.635,55.015,69.2
5.116,2.205,190.543,89.014,7.635,55.769,71.274
5.137,2.168,190.382,88.894,7.619,56.288,70.196
5.159,2.065,190.213,89.043,7.619,56.161,70.523
5.184,1.911,190.186,88.929,7.635,56.999,70.508
5.204,2.168,190.646,88.846,7.635,56.803,70.231
5.232,1.879,190.247,88.978,7.604,55.732,70.5
5.256,2.036,190.445,89.128,7.635,55.379,69.388
5.277,1.986,190.286,89.115,7.65,55.291,69.113
5.301,2.217,190.836,89.021,7.635,56.418,72.331
5.326,1.952,190.356,89.167,7.619,54.993,70.935
5.353,1.984,189.968,89.774,7.65,55.093,73.044
5.379,1.984,190.063,89.969,7.65,53.975,72.541
5.405,1.962,190.84,89.609,7.635,53.211,71.395
5.432,2.026,190.798,89.487,7.665,54.325,73.998
5.458,1.952,189.811,89.165,7.681,54.847,71.044
5.485,1.972,189.606,88.907,7.665,55.314,72.616
5.51,1.93,190.628,88.853,7.681,55.078,70.421
5.538,2.034,190.311,89.02,7.681,54.854,69.959
5.558,2.192,190.33,89.097,7.665,55.251,73.213
5.578,1.922,190.406,88.984,7.681,56.077,71.985
5.6,2.047,190.118,88.936,7.681,54.727,71.707
5.625,1.93,190.299,88.926,7.681,54.695,72.429
5.653,2.058,190.88,88.861,7.696,55.542,69.793
5.673,2.155,189.835,88.773,7.711,55.688,70.736
5.695,2.081,190.701,88.788,7.711,55.682,70.942
5.715,2.173,190.897,89.202,7.711,54.538,71.413
5.737,2.077,190.703,89.379,7.711,53.718,73.346
5.766,2.119,189.818,88.946,7.711,55.002,71.889
5.793,2.08,190.142,89.318,7.727,55.758,71.746
5.822,2.122,190.395,88.899,7.727,56.155,72.123
5.842,2.166,189.827,88.803,7.727,55.575,71.995
5.863,2.01,190.142,88.946,7.742,56.381,73.332
5.89,2.058,190.657,88.895,7.742,55.284,70.346
5.914,2.257,190.595,88.665,7.727,57.059,71.476
5.937,2.465,190.152,88.6,7.696,58.046,73.252
5.958,2.328,190.468,88.955,7.727,56.909,71.958
5.983,2.297,189.854,89.232,7.711,56.175,73.44
6.004,2.214,190.282,89.318,7.711,57.044,74.371
6.03,2.46,190.534,88.192,7.711,59.479,72.277
6.051,2.232,190.041,86.048,7.727,60.49,72.068
6.075,2.237,190.44,85.159,7.727,58.31,69.12
6.098,2.474,190.279,87.604,7.727,57.88,71.509
6.125,2.588,190.642,87.348,7.742,59.394,73.578
6.152,2.508,189.645,86.479,7.742,58.619,71.551
6.174,2.322,190.025,88.274,7.727,56.257,72.447
6.198,2.37,190.664,88.942,7.742,55.458,74.584
6.219,2.228,190.352,89.109,7.742,55.132,73.485
6.242,2.14,189.568,89.073,7.742,55.723,72.778
6.262,2.181,189.952,89.187,7.742,55.547,74.06
6.287,2.321,189.95,89.265,7.742,58.701,74.909
6.313,2.003,190.436,89.057,7.742,57.78,77.094
6.34,1.965,190.356,89.343,7.727,56.953,73.282
6.367,2.029,189.618,88.763,7.727,57.843,72.071
6.394,2.071,190.48,88.874,7.742,55.507,71.491
6.415,2.264,190.462,89.309,7.757,54.805,73.007
6.437,2.053,190.553,88.699,7.772,55.301,73.954
6.457,2.164,190.894,89.163,7.772,55.722,73.813
6.481,2.222,190.708,89.241,7.788,57.521,74.073
6.501,2.187,189.532,88.76,7.757,57.725,74.452
6.522,2.027,190.124,89.226,7.742,57.06,72.328
6.546,2.208,190.987,89.258,7.772,56.982,72.498
6.566,2.168,190.91,88.85,7.772,57.871,73.065
6.588,2.085,189.963,87.897,7.788,57.696,70.59
6.61,2.392,189.906,88.71,7.788,57.109,72.642
6.634,2.213,189.841,89.12,7.757,56.739,75.875
6.663,2.163,189.993,89.092,7.788,55.66,73.418
6.691,2.103,190.188,88.646,7.772,55.057,73.782
6.719,2.087,189.729,88.824,7.772,54.897,72.986
6.747,2.115,188.107,89.045,7.742,54.54,73.27
6.774,2,189.057,89.073,7.742,54.592,72.185
6.794,2.251,190.689,88.877,7.742,55.256,72.542
6.817,2.127,190.765,88.804,7.757,54.238,71.056
6.837,2.214,190.023,89.04,7.742,54.452,70.585
6.86,2.178,189.866,89.192,7.757,54.828,71.727
6.883,2.108,190.042,88.867,7.772,54.673,71.973
6.909,2.01,190.209,88.841,7.772,54.668,70.202
6.936,2.032,189.909,89.049,7.788,54.979,69.707
6.964,2.071,189.986,88.953,7.757,54.608,68.448
7,3.906,134.865,25.559,8.553,38.691,39.34
7.032,4.867,141.111,36.745,8.568,42.144,40.874
7.054,1.633,144.362,56.186,8.553,51.878,54.11
7.077,1.165,141.333,55.248,8.522,50.542,51.574
7.099,1.099,141.546,53.664,8.491,49.366,49.584
7.124,1.805,151.922,67.1,8.491,51.905,59.736
7.149,1.917,171.455,86.603,8.446,55.344,71.846
7.17,1.985,186.591,91.986,8.43,55.102,71.984
7.191,2.241,193.179,92.089,8.43,55.47,72.472
7.215,2.258,194.464,90.853,8.43,55.292,71.116
7.243,2.165,191.469,90.933,8.43,56.788,72.147
7.269,1.916,193.818,90.443,8.4,58.033,69.798
7.296,2.043,194.534,89.423,8.415,58.267,67.345
7.316,2.146,192.774,90.085,8.415,56.106,70.505
7.337,1.957,192.437,89.504,8.4,54.338,69.028
7.364,2.029,191.76,88.999,8.369,56.402,68.311
7.391,2.067,191.52,89.225,8.339,56.667,67.635
7.419,2.103,191.397,89.184,8.339,55.788,67.732
7.44,2.241,191.384,89.173,8.354,56.382,69.566
7.462,2.077,191.881,88.785,8.339,55.917,66.291
7.483,2.155,192.06,88.855,8.354,55.927,66.542
7.506,2.206,191.873,88.991,8.323,56.133,69.876
7.53,2.305,192.081,88.542,8.354,55.038,68.95
7.557,2.039,191.525,89.108,8.339,52.741,69.357
7.584,2.012,191.628,89.138,8.339,54.381,68.602
7.611,2.026,192.031,89.196,8.354,54.517,70.221
7.637,2.004,192.638,89.25,8.339,54.998,70.755
7.664,1.994,191.466,89.202,8.339,56.884,71.598
7.691,2.048,190.458,89.115,8.308,57.126,71.048
7.719,2.077,191.848,88.986,8.308,59.137,69.935
7.747,2.112,191.697,87.457,8.308,59.044,68.726
7.774,2.048,191.367,88.487,8.323,54.445,65.794
7.802,2.116,191.633,89.049,8.323,54.133,66.829
7.829,2.048,191.764,88.662,8.323,54.298,67.44
7.852,2.196,191.542,89.141,8.308,53.493,67.747
7.88,2.086,191.435,89.019,8.323,54.442,68.748
7.908,2.09,191.191,88.731,8.323,55.419,65.889
7.935,2.006,191.796,89.306,8.339,55.076,66.562
7.962,2.013,191.777,89.204,8.339,54.229,64.394
7.982,2.177,191.581,89.205,8.308,53.937,63.449
8.007,2.333,192.23,88.412,8.293,54.471,64.116
8.027,2.159,191.12,88.673,8.293,54.597,63.73
8.05,2.201,192.028,88.809,8.308,54.173,63.889
8.078,2.083,191.852,89.003,8.308,54.652,66.261
8.106,2.138,191.45,88.934,8.308,54.524,65.951
8.133,2.048,191.525,88.715,8.308,54.656,67.32
8.159,1.971,192.182,89.132,8.293,54.444,64.769
8.186,1.997,191.379,89.105,8.293,54.065,64.364
8.208,2.041,192.171,88.987,8.308,54.459,64.687
8.228,2.177,191.729,88.539,8.308,54.53,63.909
8.25,2.089,191.54,88.84,8.323,55.43,66.794
8.278,2.052,191.998,89.096,8.293,56.395,65.738
8.305,2.096,191.082,88.876,8.323,54.76,67.319
8.326,2.223,191.864,88.58,8.339,55.75,68.889
8.349,2.149,191.465,88.769,8.323,55.472,68.129
8.369,2.159,191.918,88.817,8.293,55.804,67.684
8.393,2.256,191.618,89.187,8.308,57.2,69.691
8.422,2.158,191.219,88.976,8.323,56.844,67.855
8.45,2.139,191.028,88.793,8.339,58.372,68.4
8.47,2.219,191.013,88.333,8.354,58.382,67.631
8.494,2.196,191.522,87.228,8.354,58.973,67.4
8.519,1.933,191.605,87.475,8.339,59.008,70.485
8.542,1.729,191.796,88.23,8.369,59.32,69.55
8.567,1.805,191.576,87.742,8.384,59.95,68.739
8.591,1.834,191.488,83.281,8.369,60.998,64.933
8.617,1.933,191.838,83.722,8.384,59.554,64.169
8.644,2.048,192.065,85.458,8.4,59.486,66.801
8.672,2.071,191.41,87.081,8.354,58.382,65.532
8.698,2.011,192.36,87.556,8.354,58.448,67.476
8.724,1.945,191.826,88.118,8.369,58.351,66.233
8.745,2.043,191.399,87.564,8.369,58.606,65.21
8.766,2.181,191.472,87.935,8.369,57.369,66.54
8.789,2.161,191.066,88.792,8.369,56.222,66.687
8.817,2.125,191.254,88.917,8.4,56.141,66.734
8.837,2.15,191.751,88.762,8.384,56.268,68.839
8.858,2.009,191.481,88.912,8.4,56.542,66.34
8.886,2.093,191.246,88.719,8.384,56.476,67.252
8.914,2.064,191.127,88.881,8.384,56.681,66.163
8.934,2.159,191.645,88.898,8.4,56.684,66.844
8.957,2.193,190.927,88.944,8.415,57.282,69.232
8.984,2.036,190.955,88.775,8.4,55.915,67.543
9.012,2.1,190.934,89.177,8.4,55.62,68.519
9.033,2.026,191.674,89.232,8.384,56.303,68.71
9.062,2.169,191.856,89.141,8.384,55.547,68.829
9.09,2.131,191.095,89.203,8.384,56.01,70.644
9.119,2.106,191.635,88.926,8.4,55.664,67.46
9.146,2.026,191.814,89.038,8.4,55.959,69.02
9.172,2,191.538,88.787,8.369,55.401,66.772
9.201,2.128,191.276,89.153,8.4,54.352,66.919
9.229,2.096,191.358,88.912,8.4,55.145,67.734
9.25,2.264,191.423,89.096,8.384,54.797,68.195
9.273,2.169,191.5,88.868,8.415,54.424,69.4
9.301,2.11,191.05,88.745,8.415,53.797,65.567
9.329,2.129,191.296,88.941,8.415,52.943,66.702
9.356,2.104,191.787,89.041,8.4,51.793,67.718
9.379,2.125,192.387,89.193,8.415,51.301,67.485
9.399,2.168,191.981,88.409,8.4,52.75,68.625
9.42,2.242,191.665,88.746,8.4,53.022,67.834
9.443,2.141,191.97,89.247,8.415,54.414,69.231
9.464,2.219,191.766,88.925,8.415,54.491,69.208
9.486,2.061,191.972,88.942,8.415,54.173,67.944
9.507,2.319,191.971,89.036,8.4,54.247,68.077
9.532,2.281,191.413,89.14,8.43,54.48,70.794
9.561,2.189,192.307,88.918,8.43,54.718,68.742
9.588,2.085,192.332,88.924,8.415,53.777,69.397
9.611,2.124,191.693,88.985,8.446,53.219,68.926
9.638,2.077,191.175,88.891,8.461,51.881,70.003
9.664,1.987,192.031,88.948,8.461,52.124,70.704
9.685,2.237,191.274,88.889,8.4,54.029,69.142
9.709,2.213,191.426,88.891,8.415,53.613,69.595
9.729,2.546,191.436,89.412,8.43,53.292,71.36
9.75,1.913,191.266,88.792,8.415,52.009,69.08
9.776,1.946,191.742,89.215,8.446,51.746,70.131
9.802,1.959,192.261,89.041,8.461,53.929,68.753
9.83,2.096,191.549,89.049,8.461,56.142,68.648
9.851,2.246,191.688,88.877,8.446,57.447,71.487
9.874,2.213,191.444,87.761,8.476,59.509,69.616
9.897,2.474,191.86,85.721,8.476,61.685,66.605
9.922,3.133,190.938,79.933,8.491,65.02,62.514
9.949,2.894,174.21,74.223,8.491,58.961,61.407
9.974,2.419,178.57,81.317,8.476,61.631,70.577
10.004,2.232,189.788,85.62,8.491,56.267,68.634
10.03,1.978,191.398,89.028,8.476,56.571,71.512
10.057,2.013,191.677,89.493,8.476,56.509,70.551
10.077,2.196,191.64,89.537,8.461,57.007,70.825
10.099,2.057,191.788,89.219,8.446,56.494,71.533
10.127,2.087,191.487,88.698,8.461,56.736,71.15
10.147,2.182,191.282,88.917,8.43,56.922,70.265
10.17,2.113,192.249,89.189,8.461,57.009,72.254
10.199,2.192,191.28,88.695,8.476,57.75,70.144
10.22,2.243,190.975,86.934,8.476,62.683,69.799
10.245,2.358,191.16,81.596,8.461,61.514,62.985
10.268,2.5,191.836,80.28,8.461,64.792,63.047
10.293,2.411,191.545,76.859,8.491,64.228,61.453
10.319,2.452,190.895,76.3,8.491,63.434,59.154
10.342,2.447,190.985,78.643,8.491,61.911,60.711
10.365,2.129,191.794,80.294,8.507,60.687,63.802
10.39,1.917,191.526,82.974,8.491,63.47,67.384
10.414,1.491,190.367,79.566,8.491,64.804,64.608
10.438,1.793,191.41,77.795,8.507,64.562,59.606
10.46,2.073,190.504,76.393,8.491,62.275,57.756
10.483,2.474,190.882,79.481,8.507,62.131,60.422
10.504,1.916,191.589,81.081,8.507,61.836,59.819
10.531,2.068,191.418,82.878,8.507,59.736,61.34
10.557,1.948,191.934,85.449,8.491,58.871,63.715
10.583,2.036,191.553,86.684,8.507,58.916,64.244
10.611,2.067,192.173,88.103,8.522,56.591,64.877
10.632,1.953,191.72,88.77,8.507,54.584,62.297
10.663,5.951,135.119,26.128,10.328,45.053,39.343
10.69,4.09,144.83,41.375,10.236,47.114,41.862
10.712,1.381,142.187,56.159,9.991,50.538,54.817
10.733,1.23,141.971,54.665,9.807,50.756,51.151
10.756,1.433,141.96,53.168,9.685,52.206,49.153
10.776,1.905,145.638,59.272,9.608,53.276,53.386
10.804,2.048,162.472,79.118,9.517,56.384,67.368
10.824,2.219,176.101,90.399,9.44,57.394,73.351
10.848,2.256,190.552,92.284,9.394,57.145,76.483
10.869,2.187,193.186,91.603,9.348,55.925,74.689
10.891,2.057,193.873,91.73,9.302,56.127,72.569
10.911,2.178,193.299,91.113,9.257,56.146,74.383
10.935,2.264,193.273,90.517,9.226,56.185,72.633
10.959,2.306,193.759,89.944,9.211,55.152,72.258
10.988,2.155,190.233,89.687,9.195,55.476,71.908
11.008,2.191,190.566,89.657,9.18,56.159,72.133
11.031,2.168,190.233,89.658,9.149,56.644,72.067
11.059,2.121,190.677,89.481,9.119,55.828,70.378
11.086,1.972,191.046,89.589,9.104,54.201,70.894
11.111,1.93,190.726,89.789,9.088,53.64,70.432
11.132,2.196,191.013,89.162,9.088,54.538,70.364
11.154,2.101,190.962,88.593,9.073,56.215,71.254
11.176,2.258,190.986,88.588,9.058,56.942,69.986
11.2,2.339,191.339,88.843,9.058,56.736,68.975
11.224,2.493,191.158,88.668,9.058,55.115,71.078
11.248,2.328,190.92,89.22,9.042,56.66,71.057
11.269,2.219,190.798,89.254,9.027,57.021,71.214
11.293,2.305,191.59,89.25,8.996,56.212,72.312
11.317,2.277,190.949,88.914,8.966,58.601,70.359
11.338,2.236,191.325,88.098,8.966,58.733,69.18
11.361,2.225,191.276,86.974,8.951,59.555,68.495
11.384,2.41,191.11,86.943,8.951,58.776,68.667
11.409,2.325,191.424,87.723,8.935,58.284,70.912
11.429,2.159,192.315,88.524,8.951,56.663,69.061
11.455,2.377,192.676,88.881,8.966,57.27,68.333
11.477,2.42,191.985,88.868,8.966,57.633,71.836
11.501,2.261,191.591,88.755,8.981,56.821,69.673
11.522,2.25,191.962,88.958,8.981,56.115,69.043
11.547,2.345,191.481,89.205,8.951,56.935,70.194
11.576,2.197,191.338,89.038,8.951,55.959,67.148
11.605,2.178,191.931,89.298,8.966,56.33,68.091
11.633,2.181,191.102,89.141,8.966,54.737,65.31
11.654,2.239,190.974,88.898,8.981,55.045,63.618
11.679,2.289,191.762,88.737,8.981,54.859,64.03
11.702,2.469,191.126,89.162,8.996,55.169,65.245
11.725,2.185,191.195,88.951,8.981,55.656,65.711
11.749,2.289,191.44,89.298,8.966,56.248,64.893
11.771,2.314,191.528,89.388,8.981,56.086,64.956
11.792,2.287,191.7,89.102,8.981,56.693,66.691
11.816,2.241,190.888,89.221,9.012,55.495,64.154
11.837,2.232,191.403,89.037,9.012,55.69,64.026
11.863,2.436,191.233,89.044,9.012,55.87,66.15
11.884,2.283,191.004,88.839,9.012,56.131,64.878
11.908,2.278,191.422,88.97,8.996,56.167,68.022
11.932,2.233,191.565,88.957,8.996,58.205,67.811
11.954,2.45,191.937,88.708,9.027,57.322,67.448
11.979,2.278,191.313,89.365,9.042,57.35,69.771
11.999,2.196,191.264,89.036,9.027,57.797,68.788
12.024,2.361,191.416,89.053,9.042,56.99,69.274
12.046,2.346,191.625,88.795,9.042,56.541,70.681
12.07,2.281,191.084,89.211,9.042,57.103,69.275
12.092,2.292,191.529,88.957,9.058,56.696,68.869
12.117,2.408,191.4,89.066,9.058,54.669,71.363
12.138,2.177,191.893,89.08,9.073,55.005,71.629
12.161,2.197,191.977,88.669,9.073,56.172,69.773
12.183,2.351,191.582,89.248,9.073,57.093,71.526
12.209,2.408,191.647,88.721,9.088,57.095,69.445
12.231,2.386,192.298,89.139,9.073,57.386,70.188
12.256,2.338,191.606,89.119,9.104,56.768,69.259
12.28,2.354,191.823,89.204,9.104,56.255,69.294
12.302,2.348,191.878,88.782,9.119,56.564,70.948
12.326,2.259,191.451,89.212,9.073,56.18,68.684
12.347,2.251,192.298,89.166,9.058,55.396,67.887
12.373,2.396,192.015,89.052,9.073,55.477,70.025
12.394,2.273,191.821,88.932,9.088,55.405,68.156
12.418,2.301,191.839,89.008,9.088,55.627,67.532
12.44,2.314,192.132,88.399,9.073,61.88,67.94
12.465,2.337,191.549,84.353,9.073,60.803,63.718
12.486,2.296,191.474,84.143,9.073,60.53,63.49
12.511,2.365,191.37,84.241,9.073,59.597,61.998
12.536,2.671,191.475,85.815,9.073,59.145,63.53
12.563,2.552,186.539,84.606,9.088,60.185,64.286
12.588,2.667,188.964,85.395,9.104,58.338,64.246
12.613,2.35,191.298,87.508,9.104,56.202,67.091
12.636,2.152,191.684,88.89,9.073,56.735,68.262
12.657,2.317,191.817,89.007,9.073,56.38,68.321
12.682,2.368,192.21,88.816,9.088,56.416,70.025
12.704,2.296,191.573,88.867,9.073,56.25,67.839
12.729,2.421,191.609,88.873,9.088,56.808,68.045
12.753,2.497,192.156,89.264,9.073,57.159,70.819
12.778,2.337,191.918,88.849,9.042,56.256,68.553
12.799,2.296,191.862,88.89,9.073,55.654,69.6
12.823,2.257,192.022,89.193,9.073,56.478,70.287
12.846,2.46,191.663,88.956,9.073,57.15,69.354
12.873,2.472,191.733,88.708,9.073,58.882,69.876
12.894,2.337,191.749,88.156,9.042,58.063,68.535
12.921,2.495,191.511,88.311,9.042,57.949,69.32
12.942,2.318,191.257,89.191,9.012,58.128,71.494
12.968,2.436,191.014,88.613,9.042,57.901,68.639
12.988,2.224,191.199,88.533,9.042,58.498,68.329
13.012,2.232,191.619,89.007,9.042,57.772,69.671
13.036,2.293,191.968,89.099,9.012,57.636,69.046
13.058,2.287,192.228,88.934,9.012,57.919,70.582
13.078,2.214,191.575,88.323,9.042,57.651,68.66
13.102,2.241,191.677,88.119,9.027,59.214,69.685
13.124,2.36,191.415,88.038,9.012,57.822,70.024
13.147,2.117,191.785,89.042,9.012,57.54,69.788
13.169,2.328,191.608,89.047,9.012,57.989,70.017
13.193,2.257,191.637,88.798,9.027,58.504,72.194
13.214,2.278,191.62,88.636,9.027,56.688,69.276
13.238,2.262,191.295,88.76,8.996,56.277,69.314
13.263,2.394,191.586,89,9.012,57.176,71.332
13.285,2.39,191.332,88.92,9.042,57.027,71.332
13.308,2.225,191.92,88.835,9.027,57.346,71.409
13.33,2.3,191.636,88.99,9.027,56.882,70.022
13.356,2.46,191.682,89.058,9.027,56.21,70.516
13.379,2.419,191.37,89.205,9.012,55.668,72.24
13.403,2.297,191.527,88.986,9.027,55.473,70.411
13.426,2.397,191.63,88.985,9.012,56.867,70.429
13.452,2.456,191.794,89.228,9.027,57.268,72.879
13.474,2.36,191.544,88.696,9.027,56.713,70.749
13.498,2.259,191.363,88.96,8.996,56.719,70.711
13.521,2.453,191.413,88.835,8.996,57.084,71.771
13.546,2.413,191.987,89.189,8.996,56.019,72.219
13.567,2.211,191.769,89.009,9.012,56.81,71.836
13.591,2.326,191.932,88.774,8.996,56.586,70.883
13.616,2.293,191.808,88.723,8.996,56.3,71.842
13.638,2.473,191.568,89.102,9.012,57.512,74.67
13.662,2.255,191.826,88.993,9.012,56.502,71.437
13.684,2.291,191.515,88.751,9.012,57.876,69.712
13.709,2.341,191.44,88.607,8.996,58.334,71.266
13.731,2.433,191.501,88.112,8.996,58.803,70.019
13.756,2.317,191.922,88.416,9.027,58.241,71.058
13.777,2.251,191.249,88.048,9.042,58.168,71.098
13.802,2.36,191.318,88.271,9.027,58.593,70.685
13.825,2.433,191.604,86.968,9.027,60.009,70.061
13.851,2.46,191.278,85.497,9.042,59.911,65.116
13.874,2.47,191.99,85.937,9.042,59.074,66.039
13.898,2.279,192.086,86.471,9.042,61.093,68.649
13.926,2.982,191.093,80.425,9.012,73.035,60.684
13.955,4.407,174.861,65.955,9.104,70.687,52.883
13.977,2.051,145.126,44.649,9.149,61.715,46.191
14.006,2.758,148.37,50.989,9.088,63.08,47.363
14.026,2.223,160.007,62.64,9.073,64.994,54.425
14.051,2.289,176.762,74.312,9.058,64.665,60.987
14.074,2.497,185.591,77.221,9.042,62.954,61.503
14.106,2.972,185.089,78.27,9.027,62.349,59.553
14.127,3.176,174.221,73.364,9.027,68.447,56.682
14.149,3.246,167.369,69.005,9.042,67.874,54.705
14.172,3.464,159.537,64.545,9.073,66.108,51.04
14.194,3.285,151.495,60.564,9.088,63.979,49.372
14.215,3.183,149.637,59.335,9.073,64.301,48.258
14.238,2.47,154.103,65.175,9.073,62.895,54.91
14.267,2.756,166.064,75.776,9.073,64.214,60.81
14.29,2.442,175.587,78.841,9.058,62.056,58.695
14.318,4.14,137.41,25.161,10.71,47.953,39.354
14.351,5.057,143.307,33.749,10.618,48.78,40.614
14.372,2.242,143.662,54.194,10.496,54.227,55.302
14.395,1.332,141.534,56.826,10.297,54.771,54.526
14.418,1.395,141.532,54.885,10.159,57.118,52.18
14.439,1.591,141.854,53.876,10.052,56.737,51.195
14.46,1.974,151.527,68.486,9.96,57.837,60.411
14.485,1.948,170.321,87.149,9.868,56.621,72.751
14.511,1.974,189.95,92.802,9.792,56.603,78.452
14.532,2.215,193.391,92.41,9.746,55.878,75.949
14.554,2.045,194.28,91.65,9.715,55.715,72.882
14.574,2.12,193.953,90.808,9.67,56.012,75.73
14.597,2.189,194.014,90.273,9.654,54.889,74.653
14.624,2.013,192.28,90.47,9.608,54.7,75.269
14.65,1.984,190.196,89.561,9.593,54.711,74.332
14.679,2.179,190.54,89.169,9.563,54.578,72.532
14.703,2.538,191.854,88.7,9.563,57.162,72.087
14.727,2.309,191.374,89.118,9.563,56.634,72.494
14.756,2.172,191.807,88.949,9.532,57.043,74.55
14.779,2.107,191.209,89.17,9.532,59.205,71.844
14.799,2.187,191.467,88.522,9.532,58.772,72.321
14.822,2.184,191.745,88.785,9.517,57.567,75.974
14.85,2.164,191.342,89.274,9.517,55.542,75.958
14.878,2.096,191.396,89.063,9.486,55.797,74.4
14.907,2.147,191.425,88.828,9.486,55.595,74.112
14.928,2.214,192.173,89.024,9.486,56.914,74.954
14.952,2.257,192.014,89.135,9.486,57.835,77.262
14.981,2.17,191.659,88.2,9.501,59.202,75.648
15.001,2.182,191.983,87.193,9.501,59.936,73.04
15.024,2.157,191.506,86.515,9.486,59.265,71.88
15.045,2.26,191.512,87.197,9.486,59.487,72.677
15.069,2.276,192.567,86.713,9.455,59.041,72.816
15.098,2.165,191.918,88.101,9.471,55.911,70.399
15.121,2.16,191.706,88.877,9.471,56.17,70.792
15.142,2.334,191.74,88.916,9.486,56.948,74.188
15.166,2.276,191.559,88.481,9.455,58.315,71.002
15.189,2.387,191.38,88.001,9.455,59.018,70.533
15.214,2.421,191.468,88.027,9.486,56.395,68.343
15.238,2.483,191.782,88.448,9.471,57.389,68.31
15.264,2.504,191.675,87.424,9.471,60.725,67.969
15.287,2.474,191.917,86.497,9.44,58.921,64.519
15.315,2.592,191.002,86.988,9.44,58.742,62.636
15.337,2.374,189.273,86.388,9.425,59.87,65.076
15.362,2.369,191.605,88.05,9.425,57.932,66.828
15.391,2.173,191.621,88.189,9.425,58.452,68.139
15.412,2.207,191.514,88.899,9.41,57.081,66.697
15.435,2.241,191.67,88.865,9.41,57.09,67.089
15.457,2.321,192.042,88.864,9.41,58.335,68.602
15.479,2.131,191.925,88.755,9.41,56.072,65.548
15.503,2.231,191.545,88.689,9.425,54.722,66.498
15.524,2.218,191.561,89.397,9.425,54.687,68.777
15.547,2.242,191.723,88.852,9.41,53.576,67.793
15.569,2.264,192.007,88.949,9.41,53.823,70.928
15.591,2.101,191.925,89.013,9.425,55.327,70.66
15.613,2.346,191.91,89.026,9.41,55.251,71.288
15.636,2.173,191.497,88.8,9.379,55.432,71.587
15.656,2.187,191.775,88.951,9.394,55.492,71.976
15.68,2.177,191.141,89.118,9.379,53.743,72.32
15.707,2.058,191.875,88.961,9.379,54.862,72.711
15.734,2.027,191.468,88.863,9.379,54.324,70.76
15.761,2.068,192.224,89.106,9.364,55.953,70.549
15.782,2.261,192.392,88.866,9.364,57.447,72.546
15.806,2.246,192.211,88.6,9.379,56.535,72.859
15.826,2.19,191.864,88.926,9.379,56.582,72.588
15.849,2.189,192.237,88.619,9.379,55.741,70.902
15.872,2.401,191.932,88.964,9.394,55.669,71.351
15.896,2.304,192.014,89.088,9.379,57.383,72.5
15.918,2.264,191.958,89.281,9.394,56.924,70.981
15.942,2.265,192.147,89.179,9.394,58.125,71.777
15.964,2.428,191.825,89.14,9.394,57.582,72.188
15.988,2.241,191.594,89.168,9.394,57.502,69.638
16.011,2.401,191.344,89.183,9.394,55.962,69.213
16.036,2.368,191.779,88.871,9.41,56.627,70.416
16.063,2.552,191.863,88.642,9.41,57.363,69.705
16.085,2.418,191.397,88.625,9.41,57.571,69.298
16.11,2.35,191.115,89.129,9.394,56.745,69.694
16.132,2.354,191.61,88.848,9.394,57.203,70.109
16.159,2.564,192.115,88.737,9.41,58.739,71.345
16.181,2.397,191.634,88.503,9.425,56.838,68.784
16.208,2.52,191.562,88.816,9.425,56.251,70.184
16.231,2.47,191.102,88.821,9.394,55.382,68.772
16.257,2.389,192.226,89.2,9.41,53.368,69.815
16.278,2.324,191.799,89.108,9.425,53.44,72.011
16.302,2.189,192.184,88.843,9.425,54.18,70.102
16.324,2.379,191.601,89.115,9.425,55.145,70.788
16.348,2.3,191.128,89.119,9.425,56.051,72.798
16.369,2.191,191.68,88.967,9.41,54.937,70.885
16.392,2.189,191.489,89.177,9.425,53.947,71.101
16.413,2.288,191.804,89.108,9.425,53.768,72.799
16.436,2.148,191.461,89.133,9.41,51.886,71.096
16.458,2.103,192.125,88.986,9.425,52.247,71.852
16.485,2.041,191.195,89.442,9.44,51.632,72.219
16.512,2.007,191.529,89.001,9.44,51.9,70.9
16.54,2.122,192.1,88.915,9.425,52.452,73.662
16.568,2.102,191.681,89.226,9.44,52.437,73.5
16.597,2.154,191.522,88.82,9.425,54.467,74.055
16.625,2.119,192.45,88.699,9.44,54.66,70.356
16.653,2.077,191.752,88.819,9.425,54.216,71.577
16.681,2.117,191.754,88.869,9.44,55.488,71.564
16.701,2.182,191.802,89.132,9.425,54.681,71.472
16.724,2.196,191.705,88.772,9.455,55.921,73.729
16.752,2.136,192.186,88.462,9.455,55.73,72.047
16.776,2.194,191.702,89.182,9.44,55.9,72.219
16.797,2.266,191.557,89.06,9.455,55.613,73.639
16.821,2.245,191.119,88.997,9.425,56.686,72.566
16.841,2.209,191.522,89.081,9.41,55.706,73.068
16.864,2.113,191.874,89.028,9.425,55.753,72.32
16.886,2.337,191.697,89.088,9.41,55.669,73.398
16.91,2.257,191.457,89.06,9.425,56.285,73.35
16.931,2.323,191.185,88.607,9.425,56.707,72.355
16.958,2.48,191.898,88.918,9.425,56.585,73.023
16.98,2.374,191.491,89.269,9.425,57.601,76.26
17.002,2.027,192.121,89.19,9.44,56.498,72.626
17.029,2.058,191.845,89.014,9.44,56.586,74.239
17.055,2,191.49,88.87,9.425,57.749,73.076
17.076,2.233,191.568,88.91,9.44,57.332,73.996
17.097,2.049,191.744,89.246,9.41,57.895,75.238
17.124,2.013,192.015,88.485,9.44,58.526,73.365
17.152,2.106,192.133,86.88,9.455,60.098,70.659
17.173,2.191,191.666,86.289,9.44,59.019,72.331
17.194,2.001,191.302,87.059,9.44,59.464,71.495
17.222,2.122,191.978,87.19,9.44,57.55,71.623
17.249,2.026,191.811,88.307,9.44,56.883,72.76
17.276,2.016,191.135,88.602,9.455,56.086,73.384
17.303,2,191.855,89.152,9.44,55.991,75.075
17.324,1.99,191.869,88.89,9.455,56.214,73.823
17.35,1.961,191.882,88.866,9.471,56.615,73.06
17.375,1.941,192.189,89.094,9.471,56.247,72.98
17.402,1.984,191.968,89.417,9.455,56.845,72.946
17.422,2.146,191.735,88.438,9.455,57.591,73.938
17.444,2.097,192.289,88.594,9.455,56.926,73.207
17.464,2.182,192.256,88.785,9.44,57.507,72.919
17.488,2.225,191.901,88.955,9.425,57.654,74.547
17.516,2.106,191.354,88.852,9.455,56.513,71.77
17.544,2.102,192.351,89.108,9.44,56.304,72.909
17.573,2.159,191.814,88.955,9.44,56.016,70.803
17.601,2.107,191.432,88.903,9.44,56.489,73.26
17.629,2.145,192.101,89.009,9.44,56.524,72.874
17.653,2.225,191.939,88.798,9.44,57.494,73.276
17.674,2.265,191.893,88.726,9.44,57.591,74.882
